[
    {
      "_id": "610bf41d4fcbc5b716d7eaa1",
      "task": "Task 1",
      "desc": "Details of Task 1"
    },
    {
      "_id": "610bf4854fcbc5b716d7eaa2",
      "task": "Task 2",
      "desc": "Details of Task 2"
    },
    {
      "_id": "610bf56a4fcbc5b716d7eaa4",
      "task": "Task 3",
      "desc": "Details of Task 3"
    },
    {
      "_id": "610bf5934fcbc5b716d7eaa5",
      "task": "Task 4",
      "desc": "Task 4"
    },
    {
      "_id": "610bf5bf4fcbc5b716d7eaa6",
      "task": "Task 1",
      "desc": "Details of Task 1"
    },
    {
      "_id": "610bf5e34fcbc5b716d7eaa7",
      "task": "Custom",
      "desc": "Example"
    },
    {
      "_id": "610bf62e4fcbc5b716d7eaa8",
      "task": "Custom Link",
      "desc": "Link to others"
    },
    {
      "_id": "610bf65a4fcbc5b716d7eaa9",
      "task": "Task 8",
      "desc": "Example8"
    }
  ]